fishID,prep,species,position,hardness,thickness
06DA,frozen,Channel,1,236.19392666519317,16.887111029787267
06DA,frozen,Channel,2,281.8052628098124,14.522301513468959
06DA,frozen,Channel,3,303.7776845874638,13.786945155966686
06DA,frozen,Channel,4,258.623769637495,11.514092328495943
06DA,frozen,Channel,5,266.03505051074274,19.755107512049403
06DA,frozen,Channel,6,226.54096207102543,16.879095881182707
06DA,frozen,Channel,7,242.8600275804714,12.011599191339139
06DA,frozen,Channel,8,206.10432246164552,11.565242030511794
0F45,frozen,Channel,1,277.0943175033901,18.381534561094732
0F45,frozen,Channel,2,365.9629698269736,15.399322157667983
0F45,frozen,Channel,3,277.4273908555133,16.148811685495875
0F45,frozen,Channel,4,242.50958248367417,13.015828858345175
0F45,frozen,Channel,5,NA,NA
0F45,frozen,Channel,6,326.0965330601815,16.275206700030147
0F45,frozen,Channel,7,274.6138904808906,13.011896693605506
0F45,frozen,Channel,8,239.73210828952344,13.630234998858686
24A6,frozen,Channel,1,259.36971776994227,18.71536196156798
24A6,frozen,Channel,2,248.801616084522,16.111932287404084
24A6,frozen,Channel,3,223.18399074405005,14.148435996223379
24A6,frozen,Channel,4,211.99546883529814,15.02041119290583
24A6,frozen,Channel,5,278.8725507448222,17.98989627032702
24A6,frozen,Channel,6,203.91757360675035,17.559579214073164
24A6,frozen,Channel,7,175.87260402263166,17.272045564089012
24A6,frozen,Channel,8,160.37836134222144,14.243087432064984
28AB,frozen,Channel,1,278.4133273836963,18.803678104544456
28AB,frozen,Channel,2,288.75258696735625,16.29477791984819
28AB,frozen,Channel,3,287.59573446210254,13.667589745262333
28AB,frozen,Channel,4,226.05726823415273,12.663892661272214
28AB,frozen,Channel,5,332.9588513647484,18.550841771305237
28AB,frozen,Channel,6,281.8510767361844,17.001545989983313
28AB,frozen,Channel,7,228.49501758664064,13.720770853207062
28AB,frozen,Channel,8,175.44619320555907,11.053481004617218
3CAF,frozen,Channel,1,315.21016146612186,19.765892135749322
3CAF,frozen,Channel,2,345.96223098936167,17.981810718139386
3CAF,frozen,Channel,3,308.61160536450996,16.40818117587933
3CAF,frozen,Channel,4,187.59467224615256,13.308575437107988
3CAF,frozen,Channel,5,NA,NA
3CAF,frozen,Channel,6,355.0249637407395,16.654418944494378
3CAF,frozen,Channel,7,274.06354388181404,18.25242115000294
3CAF,frozen,Channel,8,215.30997409419905,13.794722664256282
432D,frozen,Channel,1,251.51952769569135,18.927475888538346
432D,frozen,Channel,2,284.3477763361548,16.72102403454028
432D,frozen,Channel,3,328.31196533858946,14.079187263093583
432D,frozen,Channel,4,240.55958944908676,11.28706306172932
432D,frozen,Channel,5,232.03740055497138,16.760618735259552
432D,frozen,Channel,6,183.98831505786376,15.093377770127404
432D,frozen,Channel,7,216.32574682934626,12.906640505822907
432D,frozen,Channel,8,209.67284751418444,12.360353172312468
44A3,frozen,Channel,1,281.45072701646444,14.060726554930945
44A3,frozen,Channel,2,289.58229487599255,14.22020119611187
44A3,frozen,Channel,3,295.7479943220303,12.478845007242402
44A3,frozen,Channel,4,204.92673455792294,11.049887583877782
44A3,frozen,Channel,5,358.9129824399173,18.31754261659974
44A3,frozen,Channel,6,246.5198350267516,13.663366048131092
44A3,frozen,Channel,7,246.30447247509457,14.415117491894087
44A3,frozen,Channel,8,228.27425427414283,13.706754212040615
468C,frozen,Channel,1,362.8707382789414,16.614106140703328
468C,frozen,Channel,2,327.41163354750284,15.260332719104522
468C,frozen,Channel,3,274.67309677520984,14.874207211480387
468C,frozen,Channel,4,197.5380585610064,12.096073393451992
468C,frozen,Channel,5,382.18921503045607,20.34677924938396
468C,frozen,Channel,6,310.7547693035978,18.267070087339974
468C,frozen,Channel,7,247.4632285921313,16.231422738821998
468C,frozen,Channel,8,209.93911407384928,11.90900796582051
4AC2,frozen,Channel,1,237.02963582040482,16.74778643422674
4AC2,frozen,Channel,2,234.56116402340385,16.317435834440015
4AC2,frozen,Channel,3,213.52257242921343,13.02903887941718
4AC2,frozen,Channel,4,178.28686863180124,13.961048396200653
4AC2,frozen,Channel,5,244.4893231301625,17.072303286823953
4AC2,frozen,Channel,6,201.86336641891887,15.536857331436318
4AC2,frozen,Channel,7,187.33437417508327,13.410607590903805
4AC2,frozen,Channel,8,178.71200057090667,12.925936987146695
52CB,frozen,Channel,1,316.6071160245025,19.148938762288235
52CB,frozen,Channel,2,305.8025985015016,15.356302804342526
52CB,frozen,Channel,3,252.560775637858,14.424592460158326
52CB,frozen,Channel,4,209.88490688601775,13.686825129303099
52CB,frozen,Channel,5,NA,NA
52CB,frozen,Channel,6,256.6821401861502,15.232763713904033
52CB,frozen,Channel,7,252.7777338510317,15.652644332907123
52CB,frozen,Channel,8,208.33392105861319,11.650562201922524
5335,frozen,Channel,1,348.1096900756847,20.277717597191998
5335,frozen,Channel,2,309.8610361056437,18.687747597573548
5335,frozen,Channel,3,349.59774895894077,15.719107654444644
5335,frozen,Channel,4,295.06094319172655,12.311909568915505
5335,frozen,Channel,5,NA,NA
5335,frozen,Channel,6,327.2988592936811,16.57089616035821
5335,frozen,Channel,7,274.7056340340935,13.915980515580292
5335,frozen,Channel,8,245.5283678408229,14.011836215864786
631D,frozen,Channel,1,207.0932100737978,16.49898328657615
631D,frozen,Channel,2,254.37414237902618,15.79790623527215
631D,frozen,Channel,3,225.25765555628814,13.468244056308318
631D,frozen,Channel,4,202.66378298745755,13.714949961296353
631D,frozen,Channel,5,257.92512820643105,18.673546934417736
631D,frozen,Channel,6,240.40700329253107,20.587516111118152
631D,frozen,Channel,7,218.03438408410992,15.588383043526122
631D,frozen,Channel,8,204.4208596981005,14.410960903866446
64A0,frozen,Channel,1,273.044021526484,18.712568430288286
64A0,frozen,Channel,2,250.15516605408288,18.254645711399167
64A0,frozen,Channel,3,248.66059971905142,17.707137703832785
64A0,frozen,Channel,4,211.99332126168082,18.1292558136977
64A0,frozen,Channel,5,363.41092150733533,19.052755222667454
64A0,frozen,Channel,6,263.7123356786428,18.44465288747062
64A0,frozen,Channel,7,174.54944373833703,19.17648949904989
64A0,frozen,Channel,8,206.63983602304376,17.796090224485464
9007,frozen,Channel,1,262.22490701628965,20.05505159576136
9007,frozen,Channel,2,243.23921835951418,16.22989792138625
9007,frozen,Channel,3,217.33881787145015,14.118910478750132
9007,frozen,Channel,4,180.2237243737575,13.739434876386769
9007,frozen,Channel,5,369.64920127305254,16.449567424741296
9007,frozen,Channel,6,255.17961532196813,16.12032548149919
9007,frozen,Channel,7,222.26666602385035,15.09870886849288
9007,frozen,Channel,8,194.9940019518337,11.676159750413277
9686,frozen,Channel,1,306.2063916284829,15.248117067390625
9686,frozen,Channel,2,255.63332536935673,12.430151524198283
9686,frozen,Channel,3,249.1940506807759,11.128642324127796
9686,frozen,Channel,4,198.4462795944299,10.175071091852022
9686,frozen,Channel,5,304.25005114664793,12.256263379174376
9686,frozen,Channel,6,253.4239664051542,13.918163288855101
9686,frozen,Channel,7,205.32032628100086,12.582618583057474
9686,frozen,Channel,8,170.6449320169079,11.704032230232698
B0C3,frozen,Channel,1,303.63873420272915,15.359440589751014
B0C3,frozen,Channel,2,253.15752233674004,17.498837578791537
B0C3,frozen,Channel,3,235.5609540887214,14.643051819851767
B0C3,frozen,Channel,4,220.2793815156083,12.996191318695915
B0C3,frozen,Channel,5,254.47251801164543,14.882459997961092
B0C3,frozen,Channel,6,209.4132079965996,14.89212016444986
B0C3,frozen,Channel,7,232.35000316324943,16.593612302213234
B0C3,frozen,Channel,8,200.29121474391073,13.026624922584134
C112,frozen,Channel,1,281.01647756894903,18.470106245845777
C112,frozen,Channel,2,273.2850275704264,16.05573028408669
C112,frozen,Channel,3,268.60226233113497,14.330657367020066
C112,frozen,Channel,4,203.5597699370356,10.451313448543551
C112,frozen,Channel,5,NA,NA
C112,frozen,Channel,6,280.3673881202507,16.93884840645969
C112,frozen,Channel,7,219.55683489786784,13.61062720382311
C112,frozen,Channel,8,NA,NA
F64D,frozen,Channel,1,261.3033332689162,18.306630628045212
F64D,frozen,Channel,2,269.3353580841144,15.176892912054234
F64D,frozen,Channel,3,263.7673552636258,15.269637556429714
F64D,frozen,Channel,4,248.29771165395297,14.300524033525285
F64D,frozen,Channel,5,NA,NA
F64D,frozen,Channel,6,302.9804162980961,17.18321576029407
F64D,frozen,Channel,7,265.2311161423097,12.942431540290432
F64D,frozen,Channel,8,227.70428481832528,14.174359251683292
4795,frozen,Channel,1,207.855469591178,13.896579062554999
4795,frozen,Channel,2,243.52733951106921,11.94795674893837
4795,frozen,Channel,3,244.20755875254883,9.259620808970837
4795,frozen,Channel,4,168.02494891365316,11.629536980095082
4795,frozen,Channel,5,215.17127020958318,14.542729997820771
4795,frozen,Channel,6,219.6351485530157,11.563381702699836
4795,frozen,Channel,7,209.54423841792465,9.523694840197507
4795,frozen,Channel,8,161.9230099500423,9.996287644436386
595B,frozen,Channel,1,269.250513801504,14.091034649886566
595B,frozen,Channel,2,245.84330660546635,14.318732189724308
595B,frozen,Channel,3,189.87087278023205,13.870063547169662
595B,frozen,Channel,4,189.7343140465997,11.455859131615984
595B,frozen,Channel,5,246.28627673419297,17.55288091817113
595B,frozen,Channel,6,198.65758202386365,18.26189954860785
595B,frozen,Channel,7,184.61297156358106,12.595789782621118
595B,frozen,Channel,8,186.26975404438284,12.830046242764025
6E2B,frozen,Channel,1,246.46109978539033,14.859748030920302
6E2B,frozen,Channel,2,249.02234764728414,15.630187391508944
6E2B,frozen,Channel,3,216.651202622601,12.76430815374399
6E2B,frozen,Channel,4,209.19332786662255,10.979646148015169
6E2B,frozen,Channel,5,NA,NA
6E2B,frozen,Channel,6,265.0555676419627,14.281365809192843
6E2B,frozen,Channel,7,198.0241040763838,12.261432517092297
6E2B,frozen,Channel,8,173.33219994679058,11.211991255943945
70A3,frozen,Channel,1,202.16467731709398,14.96240513808821
70A3,frozen,Channel,2,206.54221497058666,13.317260604369363
70A3,frozen,Channel,3,197.03363200804006,10.64573381590584
70A3,frozen,Channel,4,186.56218242572862,10.608670117244634
70A3,frozen,Channel,5,287.3162241177678,11.125374632770317
70A3,frozen,Channel,6,NA,NA
70A3,frozen,Channel,7,198.99297428360202,10.33430166660741
70A3,frozen,Channel,8,147.03538843713923,9.943855681080251
7606,frozen,Channel,1,257.94860343728664,14.05652000715524
7606,frozen,Channel,2,266.47173957255524,14.424580345192332
7606,frozen,Channel,3,270.5274730201888,11.432933672654412
7606,frozen,Channel,4,241.49268537408682,11.917354915468083
7606,frozen,Channel,5,365.5058826450666,16.554158858604282
7606,frozen,Channel,6,257.57811447219746,14.100739718600156
7606,frozen,Channel,7,255.20260026604274,14.881510375169846
7606,frozen,Channel,8,225.09099986165634,11.436925963808063
90BD,frozen,Channel,1,263.76189143515876,13.386407836722636
90BD,frozen,Channel,2,257.6288226787657,13.343210217014562
90BD,frozen,Channel,3,225.84953275828346,11.717973124150364
90BD,frozen,Channel,4,211.48400227970012,12.868111993629304
90BD,frozen,Channel,5,357.0545340270173,16.404851770904973
90BD,frozen,Channel,6,239.0438827538493,14.518097653855769
90BD,frozen,Channel,7,206.85546959117826,13.221163403918569
90BD,frozen,Channel,8,167.84071615477785,12.376286087724926
A394,frozen,Channel,1,243.166901028111,15.805771565695519
A394,frozen,Channel,2,283.6108786709612,15.416894403339445
A394,frozen,Channel,3,264.5008459179983,12.524825097671965
A394,frozen,Channel,4,208.0025689698182,10.142624827297263
A394,frozen,Channel,5,NA,NA
A394,frozen,Channel,6,300.47944432055226,15.431004137690959
A394,frozen,Channel,7,275.14347598332654,12.210751213507104
A394,frozen,Channel,8,229.0378124118354,10.724309972625429
1LCF,fresh,Channel,1,484.6570004532624,18.5695811586044
1LCF,fresh,Channel,2,370.16691654622537,18.58567544337591
1LCF,fresh,Channel,3,389.64908424767697,16.801534074436315
1LCF,fresh,Channel,4,240.38701702727155,17.473736224287386
1LCF,fresh,Channel,5,NA,NA
1LCF,fresh,Channel,6,342.0866415835888,18.489184636849444
1LCF,fresh,Channel,7,262.1917031103897,13.101506402560421
1LCF,fresh,Channel,8,132.98139290913588,14.233741298064954
2LCF,fresh,Channel,1,372.0056573553915,19.642563213835395
2LCF,fresh,Channel,2,345.5014090985054,17.03788491992015
2LCF,fresh,Channel,3,283.1394302617388,14.571030876351795
2LCF,fresh,Channel,4,186.30191454763127,14.828033859415282
2LCF,fresh,Channel,5,419.488790141017,17.87951107396728
2LCF,fresh,Channel,6,343.1763802403069,18.048584233003393
2LCF,fresh,Channel,7,246.22311840253002,16.555915797980592
2LCF,fresh,Channel,8,203.13524753160863,15.461207398951471
3LCF,fresh,Channel,1,400.5058266390483,21.846495727556228
3LCF,fresh,Channel,2,377.51700909768044,19.372059028460182
3LCF,fresh,Channel,3,267.71585374735247,16.543431759317478
3LCF,fresh,Channel,4,192.03630412782616,15.721192655629734
3LCF,fresh,Channel,5,394.1887494811706,14.04463422746083
3LCF,fresh,Channel,6,341.4474257415958,18.395186572198583
3LCF,fresh,Channel,7,189.78126433777894,18.697422440465086
3LCF,fresh,Channel,8,179.05308026570356,13.096550797092327
4LCF,fresh,Channel,1,481.88039557678167,20.801175569477596
4LCF,fresh,Channel,2,339.6605873240019,17.23429493384149
4LCF,fresh,Channel,3,285.10797386673914,15.872715754482638
4LCF,fresh,Channel,4,201.15101464004326,14.862435797869558
4LCF,fresh,Channel,5,239.9084637478247,17.38749917537442
4LCF,fresh,Channel,6,320.36392767423837,19.890082671128408
4LCF,fresh,Channel,7,278.3479265801358,14.967186801189046
4LCF,fresh,Channel,8,226.42816589928782,14.987767560257566
5LCF,fresh,Channel,1,NA,NA
5LCF,fresh,Channel,2,362.95763381169456,16.426087529529507
5LCF,fresh,Channel,3,263.6832055485498,17.358028355647598
5LCF,fresh,Channel,4,214.78009085887876,13.92959909385467
5LCF,fresh,Channel,5,423.045311246555,18.711691912727236
5LCF,fresh,Channel,6,289.35000047387894,16.237882078162773
5LCF,fresh,Channel,7,229.35077421812653,13.447657872223395
5LCF,fresh,Channel,8,NA,NA
6LCF,fresh,Channel,1,392.34349651100496,18.70591870987215
6LCF,fresh,Channel,2,332.592628668896,19.390418168308873
6LCF,fresh,Channel,3,329.8501283831846,16.446625266236115
6LCF,fresh,Channel,4,275.1564253854195,14.14068046033687
6LCF,fresh,Channel,5,306.93233561030473,15.827826344140254
6LCF,fresh,Channel,6,340.90330183732175,17.41329594135079
6LCF,fresh,Channel,7,302.38624328302296,16.787992111244534
6LCF,fresh,Channel,8,240.83957274369223,13.18947063174521
7LCF,fresh,Channel,1,281.66479398988446,18.65646772111285
7LCF,fresh,Channel,2,246.38045068184624,14.107721824499823
7LCF,fresh,Channel,3,226.09076402730537,15.5602926916321
7LCF,fresh,Channel,4,180.30069154870847,14.735271875798258
7LCF,fresh,Channel,5,327.0400344748768,15.198532859876082
7LCF,fresh,Channel,6,246.5872229398435,16.107358188591412
7LCF,fresh,Channel,7,223.4600829537454,12.577773397224513
7LCF,fresh,Channel,8,211.89847641645548,12.140660130989056
8LCF,fresh,Channel,1,304.37862232914495,17.355356753278567
8LCF,fresh,Channel,2,292.1302145098993,18.457884210950063
8LCF,fresh,Channel,3,227.92302922876874,15.769448639390689
8LCF,fresh,Channel,4,205.92627817725977,13.322590510663387
8LCF,fresh,Channel,5,448.7522870491415,19.914738015660692
8LCF,fresh,Channel,6,316.1472538955596,16.716741393932274
8LCF,fresh,Channel,7,199.09326941211796,13.895313413767736
8LCF,fresh,Channel,8,152.5903384986761,11.268294305138635
9LCF,fresh,Channel,1,300.0203177332956,21.453124922968932
9LCF,fresh,Channel,2,284.35000806310734,14.478159614468558
9LCF,fresh,Channel,3,220.98818637112726,15.938386287425635
9LCF,fresh,Channel,4,NA,NA
9LCF,fresh,Channel,5,279.1802845756073,15.906980153210773
9LCF,fresh,Channel,6,234.0299354048061,16.63572802244564
9LCF,fresh,Channel,7,183.77775214150515,13.863090913052934
9LCF,fresh,Channel,8,NA,NA
10LCF,fresh,Channel,1,358.7224955178706,21.824246355505746
10LCF,fresh,Channel,2,307.499964812163,19.59671150275243
10LCF,fresh,Channel,3,258.82653046758924,18.401598046269687
10LCF,fresh,Channel,4,215.58722362400516,11.911205445861466
10LCF,fresh,Channel,5,236.74017097362733,19.041312648074836
10LCF,fresh,Channel,6,242.93005362131552,17.68627586776675
10LCF,fresh,Channel,7,210.7838674164579,17.202479808929823
10LCF,fresh,Channel,8,198.20238624509014,13.99327843309245
11LCF,fresh,Channel,1,316.1974957115672,20.38268477310836
11LCF,fresh,Channel,2,269.7923853267932,19.503163568740803
11LCF,fresh,Channel,3,256.67683263918696,15.985837209382042
11LCF,fresh,Channel,4,197.5891552043264,16.230063556388
11LCF,fresh,Channel,5,477.5959731760904,19.173260735797452
11LCF,fresh,Channel,6,299.69447045360334,20.25198304840038
11LCF,fresh,Channel,7,234.42873214029237,17.87796816041307
11LCF,fresh,Channel,8,220.9295693151593,13.361063916153707
12LCF,fresh,Channel,1,229.98165337422313,17.435591940321125
12LCF,fresh,Channel,2,305.3354107375312,17.975824354173085
12LCF,fresh,Channel,3,268.28703261067426,15.524858212699286
12LCF,fresh,Channel,4,199.1133900794865,14.337122601840523
12LCF,fresh,Channel,5,333.7501948874701,16.577998588225796
12LCF,fresh,Channel,6,356.07927213480804,15.58644594008896
12LCF,fresh,Channel,7,263.8920870107041,15.65770190800337
12LCF,fresh,Channel,8,229.42233283476443,15.269747758536875
13LCF,fresh,Channel,1,331.1571397147107,19.569748169208992
13LCF,fresh,Channel,2,303.9429349408897,18.654590790027697
13LCF,fresh,Channel,3,258.2325652982491,12.89426251473678
13LCF,fresh,Channel,4,211.14802403947664,14.702260736044936
13LCF,fresh,Channel,5,410.63575340187793,15.476136492887296
13LCF,fresh,Channel,6,293.56954326838996,18.783982105579625
13LCF,fresh,Channel,7,266.4232278895695,17.202535956632893
13LCF,fresh,Channel,8,202.21318118183527,15.005935203798037
14LCF,fresh,Channel,1,293.18738932674836,16.740703448972194
14LCF,fresh,Channel,2,304.27571154848204,14.548929755160326
14LCF,fresh,Channel,3,272.82489466048213,16.38965100495751
14LCF,fresh,Channel,4,190.7426895294996,14.736002392418722
14LCF,fresh,Channel,5,322.1714237659286,8.149849698477974
14LCF,fresh,Channel,6,157.80552011378072,13.233138476886683
14LCF,fresh,Channel,7,211.21449293138375,14.91743506683488
14LCF,fresh,Channel,8,194.91560049751047,13.59695630322633
15LCF,fresh,Channel,1,319.8827666742485,17.06776742410848
15LCF,fresh,Channel,2,328.4743720686948,16.800955525517594
15LCF,fresh,Channel,3,300.8050021881446,16.495002262743263
15LCF,fresh,Channel,4,267.294381021896,16.919171761208194
15LCF,fresh,Channel,5,379.7571699843733,16.673318192659263
15LCF,fresh,Channel,6,310.75285829686834,18.206159574686424
15LCF,fresh,Channel,7,285.643936433374,16.631770872443006
15LCF,fresh,Channel,8,223.7253720123824,16.508552743771595
16LCF,fresh,Channel,1,453.7608713289526,20.079919643312255
16LCF,fresh,Channel,2,331.88181159051214,19.04109527647597
16LCF,fresh,Channel,3,286.5703232120218,14.883261495087917
16LCF,fresh,Channel,4,242.9192586845702,15.072526102465098
16LCF,fresh,Channel,5,254.25649500263586,12.219842421816224
16LCF,fresh,Channel,6,404.82082231395384,17.818219054782872
16LCF,fresh,Channel,7,244.00808718339084,14.926405517548805
16LCF,fresh,Channel,8,243.0471039644282,13.212567562637743
17LCF,fresh,Channel,1,280.1953571193803,18.24484594359394
17LCF,fresh,Channel,2,255.93645465216304,15.873439491842941
17LCF,fresh,Channel,3,226.32341070760666,13.184669521181059
17LCF,fresh,Channel,4,156.15941988214857,14.63907455615543
17LCF,fresh,Channel,5,NA,NA
17LCF,fresh,Channel,6,235.10501642092936,18.188415516919388
17LCF,fresh,Channel,7,219.54967494059912,13.24993126275314
17LCF,fresh,Channel,8,188.94313472324592,13.78293884966759
18LCF,fresh,Channel,1,244.74147251296625,18.31226764881007
18LCF,fresh,Channel,2,NA,NA
18LCF,fresh,Channel,3,237.9424084453251,17.54108529461987
18LCF,fresh,Channel,4,204.3901874098073,14.659575416010181
18LCF,fresh,Channel,5,300.5976359387201,19.80273800467882
18LCF,fresh,Channel,6,227.71350901659878,17.451846231955166
18LCF,fresh,Channel,7,185.50099330400556,14.021158271464678
18LCF,fresh,Channel,8,142.36937258009138,11.292909761246921
19LCF,fresh,Channel,1,NA,NA
19LCF,fresh,Channel,2,381.50095774769414,20.31304173412599
19LCF,fresh,Channel,3,330.1049886635663,16.948783889189595
19LCF,fresh,Channel,4,252.32965874686693,15.630187609717227
19LCF,fresh,Channel,5,NA,NA
19LCF,fresh,Channel,6,407.11573773912176,19.80039299850262
19LCF,fresh,Channel,7,379.31111613469017,16.902958137538725
19LCF,fresh,Channel,8,344.5417722552299,13.670661703691918
20LCF,fresh,Channel,1,321.4760876661315,18.74004645881205
20LCF,fresh,Channel,2,371.1547040212288,17.86582184132707
20LCF,fresh,Channel,3,316.5803550715302,15.419243263717652
20LCF,fresh,Channel,4,243.08508969901987,13.39134175074151
20LCF,fresh,Channel,5,NA,NA
20LCF,fresh,Channel,6,383.36555572995064,18.28658879305682
20LCF,fresh,Channel,7,237.76997058489977,15.815647408281263
20LCF,fresh,Channel,8,229.5035255397268,12.50712893018454
21LCF,fresh,Channel,1,226.71571967353285,19.09466150285196
21LCF,fresh,Channel,2,287.80728532485216,16.470696763035733
21LCF,fresh,Channel,3,235.42296464178744,16.036484016937735
21LCF,fresh,Channel,4,199.88517991325048,12.358722043414184
21LCF,fresh,Channel,5,294.8520249590976,16.4393874146082
21LCF,fresh,Channel,6,224.36313793089133,17.34385205825436
21LCF,fresh,Channel,7,200.24426445273158,15.628426522200431
21LCF,fresh,Channel,8,150.1178449863176,12.17463528678877
22LCF,fresh,Channel,1,434.6979439181727,19.970763898630782
22LCF,fresh,Channel,2,359.5337249961321,20.581115580126987
22LCF,fresh,Channel,3,287.4020798864683,17.02070276078343
22LCF,fresh,Channel,4,260.9901452415198,15.656236271751528
22LCF,fresh,Channel,5,432.75774819642317,18.267599592419565
22LCF,fresh,Channel,6,295.4123797073482,17.932503212227576
22LCF,fresh,Channel,7,239.22453483751517,18.341543606625407
22LCF,fresh,Channel,8,234.1569412149178,15.306309160446578
23LCF,fresh,Channel,1,460.3792877983865,22.01679454103993
23LCF,fresh,Channel,2,422.0951121465953,20.521784424724135
23LCF,fresh,Channel,3,301.9378628573517,18.924374624250486
23LCF,fresh,Channel,4,214.5244063125428,17.32735306847126
23LCF,fresh,Channel,5,NA,NA
23LCF,fresh,Channel,6,400.5123294358871,21.410375877860655
23LCF,fresh,Channel,7,259.80194999353233,20.178491418051006
23LCF,fresh,Channel,8,207.05126203051438,15.732348779144539
24LCF,fresh,Channel,1,211.8438233013161,20.557721320455602
24LCF,fresh,Channel,2,220.06478921990058,19.21223218234008
24LCF,fresh,Channel,3,211.4587275744769,15.85054936160122
24LCF,fresh,Channel,4,159.91534916669474,13.961421062422367
24LCF,fresh,Channel,5,314.50997980527615,21.13791630132472
24LCF,fresh,Channel,6,189.1295539405149,19.298340578400033
24LCF,fresh,Channel,7,191.78412576438305,15.731389956900411
24LCF,fresh,Channel,8,161.5006008822609,13.10826790016789
25LCF,fresh,Channel,1,359.88428549522735,22.272393065136935
25LCF,fresh,Channel,2,307.9515192207009,20.88702281934166
25LCF,fresh,Channel,3,288.5327371442859,18.818976616059327
25LCF,fresh,Channel,4,249.1127827024948,15.969475337551195
25LCF,fresh,Channel,5,357.60544517475586,19.935955888380832
25LCF,fresh,Channel,6,250.31436940452306,20.151683326761287
25LCF,fresh,Channel,7,260.668252686504,17.28567398814887
25LCF,fresh,Channel,8,214.2354218249949,15.470815542610099
26LCF,fresh,Channel,1,311.78888988232774,21.137878727789765
26LCF,fresh,Channel,2,273.4021101707636,19.852730620511995
26LCF,fresh,Channel,3,246.99875948596792,17.19423701189584
26LCF,fresh,Channel,4,178.14694756625326,15.405763530070928
26LCF,fresh,Channel,5,350.39816253790616,16.42121853891523
26LCF,fresh,Channel,6,224.5445374325086,18.26803687420328
26LCF,fresh,Channel,7,230.01574599950166,18.878933545745355
26LCF,fresh,Channel,8,227.81926796429795,15.041071324112352
27LCF,fresh,Channel,1,293.82223959894435,22.039847756418176
27LCF,fresh,Channel,2,256.76893173414754,17.930532638435587
27LCF,fresh,Channel,3,240.06893426608767,17.991373384623426
27LCF,fresh,Channel,4,199.7247404365689,15.472534500547496
27LCF,fresh,Channel,5,205.15692664034398,20.170293593615032
27LCF,fresh,Channel,6,274.5241069983576,19.177788750654504
27LCF,fresh,Channel,7,252.83910651426785,16.093932371943247
27LCF,fresh,Channel,8,256.0714589341625,14.58043967836581
28LCF,fresh,Channel,1,350.3380550038161,21.19678877939287
28LCF,fresh,Channel,2,314.60479599107936,18.152873604154717
28LCF,fresh,Channel,3,277.00360105196717,19.404481788907226
28LCF,fresh,Channel,4,256.04701801461374,15.487610988800828
28LCF,fresh,Channel,5,NA,NA
28LCF,fresh,Channel,6,286.3039309522677,19.307925979388376
28LCF,fresh,Channel,7,299.7814354763124,16.023083894618274
28LCF,fresh,Channel,8,277.12559787956087,13.179772882690104
29LCF,fresh,Channel,1,254.72627261786863,20.946299630052422
29LCF,fresh,Channel,2,257.2723649451506,21.192489513114715
29LCF,fresh,Channel,3,223.9386461371171,16.551189161918153
29LCF,fresh,Channel,4,194.7400500955922,12.544740435323444
29LCF,fresh,Channel,5,341.0892810174963,17.181209312598625
29LCF,fresh,Channel,6,226.5874808545925,20.228908479998246
29LCF,fresh,Channel,7,221.06610851665127,18.143583142480043
29LCF,fresh,Channel,8,208.1534011755243,14.319589875029102
30LCF,fresh,Channel,1,327.5929469856352,19.605973665061704
30LCF,fresh,Channel,2,326.44000551128926,17.50886419672747
30LCF,fresh,Channel,3,283.2927052572753,15.934615255715622
30LCF,fresh,Channel,4,206.36011617290006,14.717848207692885
30LCF,fresh,Channel,5,401.2182869022061,18.292543586362523
30LCF,fresh,Channel,6,295.88234713303433,15.52723645077736
30LCF,fresh,Channel,7,224.26487716277964,15.068244049884498
30LCF,fresh,Channel,8,227.41268112903543,10.535344716767252
073D,frozen,Hybrid,1,183.02865340342524,16.397551173265157
073D,frozen,Hybrid,2,189.8072705811672,13.400593478422
073D,frozen,Hybrid,3,209.6007265814587,11.652746214846834
073D,frozen,Hybrid,4,188.18470278421816,11.577487603212806
073D,frozen,Hybrid,5,194.9047528959698,14.690867155438367
073D,frozen,Hybrid,6,219.08208382016466,13.30955135504659
073D,frozen,Hybrid,7,198.68122250009432,13.930820262087892
073D,frozen,Hybrid,8,157.8404551492942,13.322771160310497
10F1,frozen,Hybrid,1,187.38428621567948,18.72656328979777
10F1,frozen,Hybrid,2,193.70087431727322,12.744711426917515
10F1,frozen,Hybrid,3,201.69846781995835,15.285134825983635
10F1,frozen,Hybrid,4,145.91229604253527,15.46276520637469
10F1,frozen,Hybrid,5,NA,NA
10F1,frozen,Hybrid,6,207.4229425407938,17.792891782029137
10F1,frozen,Hybrid,7,188.67276166747257,15.902268324416285
10F1,frozen,Hybrid,8,137.78884865155038,14.084565229142546
1F9D,frozen,Hybrid,1,149.13735337683644,15.971332349815384
1F9D,frozen,Hybrid,2,213.04033791980677,15.59229391931289
1F9D,frozen,Hybrid,3,253.78036012004173,12.530963275630533
1F9D,frozen,Hybrid,4,153.7637033564118,14.537775239608306
1F9D,frozen,Hybrid,5,245.61427800277772,19.935907605728097
1F9D,frozen,Hybrid,6,230.54079492853288,16.87444841345278
1F9D,frozen,Hybrid,7,188.63534138070327,14.619349874292542
1F9D,frozen,Hybrid,8,NA,NA
21DE,frozen,Hybrid,1,222.25557271359472,15.1718751659188
21DE,frozen,Hybrid,2,198.87423374885452,14.309916407555761
21DE,frozen,Hybrid,3,153.17246465175637,12.150688006633914
21DE,frozen,Hybrid,4,156.1550251391192,11.797386678071192
21DE,frozen,Hybrid,5,180.05904308869117,18.544854058228
21DE,frozen,Hybrid,6,183.898439636966,16.54848081937389
21DE,frozen,Hybrid,7,152.78631269238704,12.741227444006242
21DE,frozen,Hybrid,8,141.71934952469945,11.771195629150515
30CA,frozen,Hybrid,1,222.12935480274706,19.595876121848093
30CA,frozen,Hybrid,2,211.2150346454959,17.31176833262826
30CA,frozen,Hybrid,3,225.09667719748526,15.582227259253251
30CA,frozen,Hybrid,4,191.2817607151516,12.857120777278034
30CA,frozen,Hybrid,5,216.52200829793205,14.738411987015935
30CA,frozen,Hybrid,6,218.74402017668967,14.140318311347748
30CA,frozen,Hybrid,7,201.21575271456516,15.577655096622973
30CA,frozen,Hybrid,8,170.94321920056143,14.052800242673548
401E,frozen,Hybrid,1,165.4943082940664,15.183275390124278
401E,frozen,Hybrid,2,227.15978558514792,13.31543806139742
401E,frozen,Hybrid,3,205.2726198681597,13.398744009428102
401E,frozen,Hybrid,4,188.09432394217902,11.893027021987725
401E,frozen,Hybrid,5,192.39654973425112,16.27981518082884
401E,frozen,Hybrid,6,172.7905304986838,14.110739595668116
401E,frozen,Hybrid,7,161.71769788051589,10.842921908735608
401E,frozen,Hybrid,8,148.14985712613392,9.373898066583994
5331,frozen,Hybrid,1,186.02121705117543,17.579196441566967
5331,frozen,Hybrid,2,199.73704629924111,13.173438995873582
5331,frozen,Hybrid,3,178.0292797352792,12.181488822561656
5331,frozen,Hybrid,4,180.9620411099488,11.896871376895842
5331,frozen,Hybrid,5,229.98298511362748,16.818456983148568
5331,frozen,Hybrid,6,232.45911999622123,15.958721738738713
5331,frozen,Hybrid,7,193.11069631966583,12.358421027587864
5331,frozen,Hybrid,8,150.382248999808,10.344929360676849
569F,frozen,Hybrid,1,191.51050395197998,18.868938549787458
569F,frozen,Hybrid,2,229.12909368672138,16.14884040380931
569F,frozen,Hybrid,3,212.9339419612427,13.463480600930334
569F,frozen,Hybrid,4,184.64820684712177,11.898395424056215
569F,frozen,Hybrid,5,190.43214297835954,18.233872481753277
569F,frozen,Hybrid,6,197.10497525170956,16.23872934029797
569F,frozen,Hybrid,7,175.21097972668485,13.460910809436706
569F,frozen,Hybrid,8,143.57899255480714,11.996484627425113
5E27,frozen,Hybrid,1,NA,NA
5E27,frozen,Hybrid,2,308.58993543556215,14.597909096147454
5E27,frozen,Hybrid,3,253.20716093737232,15.657500626877866
5E27,frozen,Hybrid,4,198.3493424594809,14.482121786859045
5E27,frozen,Hybrid,5,125.95830132144272,16.793953470128777
5E27,frozen,Hybrid,6,275.2739299122869,14.624280952037509
5E27,frozen,Hybrid,7,211.68961860179138,14.563838887257731
5E27,frozen,Hybrid,8,191.50571549489524,13.355732034238146
66EB,frozen,Hybrid,1,200.03295396212152,18.240298547480563
66EB,frozen,Hybrid,2,213.0451110981374,17.44924335009812
66EB,frozen,Hybrid,3,201.09798277761215,16.0383313401219
66EB,frozen,Hybrid,4,180.30202006837143,11.74088198120095
66EB,frozen,Hybrid,5,247.96433480128258,16.766955080083914
66EB,frozen,Hybrid,6,231.59939008645733,15.050283001837002
66EB,frozen,Hybrid,7,202.14373142497817,13.077931551521957
66EB,frozen,Hybrid,8,153.2058150647658,10.39241890574072
6E9A,frozen,Hybrid,1,220.68727683540084,16.19920889512776
6E9A,frozen,Hybrid,2,256.9533055871555,14.144937982189465
6E9A,frozen,Hybrid,3,236.69124832801455,15.349529999160124
6E9A,frozen,Hybrid,4,189.12613571822754,12.78640694603114
6E9A,frozen,Hybrid,5,205.4663471296133,17.0925129313215
6E9A,frozen,Hybrid,6,169.61679529157016,17.138779579595795
6E9A,frozen,Hybrid,7,189.75299866241133,14.616602748428356
6E9A,frozen,Hybrid,8,190.23455009389042,14.293229375400164
77CC,frozen,Hybrid,1,231.18379655127765,17.252518817853492
77CC,frozen,Hybrid,2,195.948092753865,13.203330376123892
77CC,frozen,Hybrid,3,222.13193112983657,14.775953350596795
77CC,frozen,Hybrid,4,192.07401137308912,13.728653049865285
77CC,frozen,Hybrid,5,169.25888544384998,15.7654746073959
77CC,frozen,Hybrid,6,226.02338729232486,14.750703962861335
77CC,frozen,Hybrid,7,214.66788394191957,14.5771533688405
77CC,frozen,Hybrid,8,173.7316523880853,12.815714266274306
80F2,frozen,Hybrid,1,169.9106721533131,17.301939856517464
80F2,frozen,Hybrid,2,188.34090679965368,14.061293702616016
80F2,frozen,Hybrid,3,225.9200875710619,11.642296549630874
80F2,frozen,Hybrid,4,186.15137668913817,11.937122754186543
80F2,frozen,Hybrid,5,255.0162272956617,15.292932172564319
80F2,frozen,Hybrid,6,229.99165190760522,13.826536516953064
80F2,frozen,Hybrid,7,188.45841562058118,11.298184762457183
80F2,frozen,Hybrid,8,142.27842386541025,10.693447887944126
C065,frozen,Hybrid,1,197.0396200411869,18.852427676099282
C065,frozen,Hybrid,2,220.1884356082425,15.80878860591214
C065,frozen,Hybrid,3,232.02426423386018,13.92188459344042
C065,frozen,Hybrid,4,205.52266108799606,13.410803007710673
C065,frozen,Hybrid,5,209.88191890885062,16.741959837768547
C065,frozen,Hybrid,6,202.84309745657504,14.439359114353021
C065,frozen,Hybrid,7,178.71395373168218,13.859641150842974
C065,frozen,Hybrid,8,156.72852619093283,12.309456016763342
EB78,frozen,Hybrid,1,163.7101766519106,17.6806330305001
EB78,frozen,Hybrid,2,186.70321608366365,17.131499212375214
EB78,frozen,Hybrid,3,192.7269041243805,14.581109930575401
EB78,frozen,Hybrid,4,146.0662625806351,13.194147944863362
EB78,frozen,Hybrid,5,225.15360105878443,18.642752191114003
EB78,frozen,Hybrid,6,160.25686733208101,15.911232915292585
EB78,frozen,Hybrid,7,172.70998245913762,15.246155718256727
EB78,frozen,Hybrid,8,162.3132868244541,11.800107927929972
F85A,frozen,Hybrid,1,180.61224122063837,15.885050128631386
F85A,frozen,Hybrid,2,188.51228767759628,16.085862542322655
F85A,frozen,Hybrid,3,191.63801210404773,13.570644814676873
F85A,frozen,Hybrid,4,163.92062741330807,13.630597123179674
F85A,frozen,Hybrid,5,151.43067988013226,15.8169902991559
F85A,frozen,Hybrid,6,201.87208617523717,14.930473236168508
F85A,frozen,Hybrid,7,202.78742457121524,15.218893806666355
F85A,frozen,Hybrid,8,187.0285239415763,14.890319572947789
1E54,frozen,Hybrid,1,215.71143876082567,14.353015045532866
1E54,frozen,Hybrid,2,246.70759212982853,14.329456181096273
1E54,frozen,Hybrid,3,237.9851475124883,12.104604291950283
1E54,frozen,Hybrid,4,182.9175956676221,11.725713960498865
1E54,frozen,Hybrid,5,221.9243220692299,13.812992259673608
1E54,frozen,Hybrid,6,213.56734117591333,16.015754731810542
1E54,frozen,Hybrid,7,186.10385187383537,13.86676324619178
1E54,frozen,Hybrid,8,140.22007699192955,10.852953241158064
552A,frozen,Hybrid,1,191.18771332052336,12.737528682758292
552A,frozen,Hybrid,2,232.95499606609616,13.341349040445657
552A,frozen,Hybrid,3,247.2683174412478,12.208894929560817
552A,frozen,Hybrid,4,198.1872575246082,12.294221595996179
552A,frozen,Hybrid,5,258.842684333559,14.436491786036386
552A,frozen,Hybrid,6,239.00322502941165,14.175496353966565
552A,frozen,Hybrid,7,248.87727171598252,12.263485491944955
552A,frozen,Hybrid,8,203.34590828224248,11.64452261109735
61A0,frozen,Hybrid,1,242.9826682692358,17.20731264357859
61A0,frozen,Hybrid,2,267.7262589517856,14.859056208961334
61A0,frozen,Hybrid,3,201.52009055898725,11.603593880497332
61A0,frozen,Hybrid,4,197.95381745602813,11.011153276909956
61A0,frozen,Hybrid,5,179.43263801353817,16.721031820035865
61A0,frozen,Hybrid,6,151.4631117467256,13.142234802676501
61A0,frozen,Hybrid,7,183.81317746075797,10.715657424715737
61A0,frozen,Hybrid,8,180.8764153927097,11.59081061807557
68F8,frozen,Hybrid,1,216.86684388810855,15.667012523840643
68F8,frozen,Hybrid,2,246.5398858109385,15.839538353984638
68F8,frozen,Hybrid,3,200.28471194707137,14.006920598102209
68F8,frozen,Hybrid,4,182.8413493965998,10.928774021035698
68F8,frozen,Hybrid,5,273.71143243348473,16.427326336453902
68F8,frozen,Hybrid,6,224.77788621532554,15.80496310196188
68F8,frozen,Hybrid,7,210.41606942320269,13.494094380823471
68F8,frozen,Hybrid,8,191.93225937839208,12.087236087967355
78B2,frozen,Hybrid,1,161.76938443347368,17.404543541580068
78B2,frozen,Hybrid,2,186.62091766709,14.548075956907619
78B2,frozen,Hybrid,3,217.70341172603293,12.394503947954812
78B2,frozen,Hybrid,4,181.52250304768035,11.561296045269646
78B2,frozen,Hybrid,5,224.2330739992304,13.850819469843165
78B2,frozen,Hybrid,6,202.02762842058496,13.085887123483504
78B2,frozen,Hybrid,7,186.83477932188296,10.147731071395006
78B2,frozen,Hybrid,8,170.61732656832828,8.386329567881214
78D5,frozen,Hybrid,1,189.03258690709114,13.418050255228446
78D5,frozen,Hybrid,2,221.27973531112275,14.469194889612265
78D5,frozen,Hybrid,3,210.98951669396016,13.3548452420553
78D5,frozen,Hybrid,4,171.66653387803288,11.63031226525882
78D5,frozen,Hybrid,5,182.3563478057284,12.09777832460112
78D5,frozen,Hybrid,6,228.74413620503054,12.413491025861552
78D5,frozen,Hybrid,7,217.07840338171317,12.554368974978907
78D5,frozen,Hybrid,8,193.9417435265593,9.918467310726745
7DA2,frozen,Hybrid,1,249.29494454343833,14.85523752470467
7DA2,frozen,Hybrid,2,252.2563102663386,15.761597019158264
7DA2,frozen,Hybrid,3,244.48015564870323,16.414011783638994
7DA2,frozen,Hybrid,4,213.9805113127782,11.696460911216002
7DA2,frozen,Hybrid,5,320.32693065949206,16.428424415366027
7DA2,frozen,Hybrid,6,257.22067778296616,13.124644679632915
7DA2,frozen,Hybrid,7,245.61720454521205,11.93269119428417
7DA2,frozen,Hybrid,8,204.37703807502314,12.119507639273305
AF25,frozen,Hybrid,1,148.888811608974,16.096180025493418
AF25,frozen,Hybrid,2,177.08472925596308,14.274692581943714
AF25,frozen,Hybrid,3,163.3572593975575,12.476736044768817
AF25,frozen,Hybrid,4,151.06651822992058,10.395236783191764
AF25,frozen,Hybrid,5,182.80462787549098,13.544278180285174
AF25,frozen,Hybrid,6,180.40653346182162,14.246830346585183
AF25,frozen,Hybrid,7,175.80410532501614,11.819291258997167
AF25,frozen,Hybrid,8,129.99864409825835,10.610697101455873
B51D,frozen,Hybrid,1,151.59063271157837,15.126735843756116
B51D,frozen,Hybrid,2,199.14157455910538,14.004040311464031
B51D,frozen,Hybrid,3,197.73995580123517,13.592463516460555
B51D,frozen,Hybrid,4,154.17145898725897,10.462844717721984
B51D,frozen,Hybrid,5,188.35386856247518,15.223525165933648
B51D,frozen,Hybrid,6,193.9372408359682,13.261479984480971
B51D,frozen,Hybrid,7,171.76945118803323,13.373038480600593
B51D,frozen,Hybrid,8,121.04178106594891,12.2891803400464
1LHF,fresh,Hybrid,1,NA,NA
1LHF,fresh,Hybrid,2,233.82927292281107,13.903272749625797
1LHF,fresh,Hybrid,3,205.88682463927728,14.451524140371385
1LHF,fresh,Hybrid,4,NA,NA
1LHF,fresh,Hybrid,5,215.09739485141773,13.996987843700767
1LHF,fresh,Hybrid,6,128.9879592545611,12.22127710749401
1LHF,fresh,Hybrid,7,130.86571126415438,13.997277488349985
1LHF,fresh,Hybrid,8,NA,NA
2LHF,fresh,Hybrid,1,179.5892010160578,18.982799199241132
2LHF,fresh,Hybrid,2,220.8764352900129,17.968400770435384
2LHF,fresh,Hybrid,3,223.21620309383215,16.67473638252455
2LHF,fresh,Hybrid,4,186.13509856081004,14.480632458184315
2LHF,fresh,Hybrid,5,126.73498402647989,16.870053653719687
2LHF,fresh,Hybrid,6,194.13961275844918,17.84200120418705
2LHF,fresh,Hybrid,7,195.86645621592288,15.2881929863368
2LHF,fresh,Hybrid,8,NA,NA
3LHF,fresh,Hybrid,1,118.75923539850517,17.598335270399616
3LHF,fresh,Hybrid,2,199.73605870538702,15.337832715074903
3LHF,fresh,Hybrid,3,206.4577014345873,13.528497806001427
3LHF,fresh,Hybrid,4,143.96175835154824,12.821199859778165
3LHF,fresh,Hybrid,5,206.2340630102842,17.837125036533774
3LHF,fresh,Hybrid,6,176.89635281204693,16.366842419749684
3LHF,fresh,Hybrid,7,NA,NA
3LHF,fresh,Hybrid,8,137.4065892023085,13.313307301455833
4LHF,fresh,Hybrid,1,169.95280606046833,20.503862977955922
4LHF,fresh,Hybrid,2,173.0820820536284,18.277531592487115
4LHF,fresh,Hybrid,3,142.66199843787433,15.369440190212266
4LHF,fresh,Hybrid,4,161.00638832244942,14.229044996285054
4LHF,fresh,Hybrid,5,NA,NA
4LHF,fresh,Hybrid,6,NA,NA
4LHF,fresh,Hybrid,7,NA,NA
4LHF,fresh,Hybrid,8,NA,NA
5LHF,fresh,Hybrid,1,162.36397563381792,18.62533304952753
5LHF,fresh,Hybrid,2,189.1739131538773,15.342749833606343
5LHF,fresh,Hybrid,3,182.51587825741152,17.051091783604047
5LHF,fresh,Hybrid,4,151.85888221169776,14.81940550023554
5LHF,fresh,Hybrid,5,124.5660948893521,12.966834899709191
5LHF,fresh,Hybrid,6,167.63042067899067,16.765723253459235
5LHF,fresh,Hybrid,7,137.95884318960768,16.679569820958218
5LHF,fresh,Hybrid,8,156.92213772431407,13.140879519897313
6LHF,fresh,Hybrid,1,158.93706821414762,16.510587018169584
6LHF,fresh,Hybrid,2,201.06361685452393,14.30373687224491
6LHF,fresh,Hybrid,3,178.90715730862826,15.071503459074902
6LHF,fresh,Hybrid,4,180.1817054891944,12.13332082126795
6LHF,fresh,Hybrid,5,138.15920159825168,13.180598186091887
6LHF,fresh,Hybrid,6,185.42295974193007,11.740281817088995
6LHF,fresh,Hybrid,7,172.61895276471319,10.781874143614639
6LHF,fresh,Hybrid,8,128.3074643862239,11.569963923523352
7LHF,fresh,Hybrid,1,NA,NA
7LHF,fresh,Hybrid,2,151.36774692279533,15.409482016065589
7LHF,fresh,Hybrid,3,185.53518166887005,13.876430259104106
7LHF,fresh,Hybrid,4,159.61132503768246,13.630645935837403
7LHF,fresh,Hybrid,5,158.29599815341186,15.106519974307236
7LHF,fresh,Hybrid,6,137.69533835281058,13.856081991535827
7LHF,fresh,Hybrid,7,168.92466239238914,11.699556747855725
7LHF,fresh,Hybrid,8,NA,NA
8LHF,fresh,Hybrid,1,152.21262724172442,17.960911927035482
8LHF,fresh,Hybrid,2,194.9090986307728,14.230600428586419
8LHF,fresh,Hybrid,3,177.49317259562005,16.161923249941353
8LHF,fresh,Hybrid,4,141.82135671722557,12.63125790533089
8LHF,fresh,Hybrid,5,97.36159196464321,12.885569380401519
8LHF,fresh,Hybrid,6,147.80178663832515,15.37703879276998
8LHF,fresh,Hybrid,7,145.86030343896454,15.60371473516953
8LHF,fresh,Hybrid,8,141.2218974997444,13.599883103431894
9LHF,fresh,Hybrid,1,258.2450700005894,18.378039597310114
9LHF,fresh,Hybrid,2,220.39770372027579,17.743919641747226
9LHF,fresh,Hybrid,3,237.82920844412385,16.829135103949344
9LHF,fresh,Hybrid,4,203.3914597682874,14.688106008015293
9LHF,fresh,Hybrid,5,204.42519210089907,13.481779828239508
9LHF,fresh,Hybrid,6,170.25530743891915,16.490053302988283
9LHF,fresh,Hybrid,7,227.250671261841,14.120561742501065
9LHF,fresh,Hybrid,8,213.71771162540935,14.011232775764338
10LHF,fresh,Hybrid,1,194.54106718194234,18.495700963979875
10LHF,fresh,Hybrid,2,235.18294868186868,13.365314319536592
10LHF,fresh,Hybrid,3,183.42808944955559,12.374795976133399
10LHF,fresh,Hybrid,4,141.38573164579796,13.526983862287361
10LHF,fresh,Hybrid,5,143.99040525240636,15.683799896042538
10LHF,fresh,Hybrid,6,208.1013862416225,15.873005454856848
10LHF,fresh,Hybrid,7,208.5382987906602,11.385760927916476
10LHF,fresh,Hybrid,8,160.54802039949155,11.853709926525763
11LHF,fresh,Hybrid,1,205.7752831366467,21.346227640861784
11LHF,fresh,Hybrid,2,231.40930827843835,17.455054419312173
11LHF,fresh,Hybrid,3,198.30135891098632,15.310690119288868
11LHF,fresh,Hybrid,4,170.189768173298,12.892972729401798
11LHF,fresh,Hybrid,5,145.90546334754433,15.578863733809824
11LHF,fresh,Hybrid,6,170.5301242658925,14.642155657403485
11LHF,fresh,Hybrid,7,170.05034801306263,13.752097646311762
11LHF,fresh,Hybrid,8,158.36482209226088,10.304492951239162
12LHF,fresh,Hybrid,1,162.66460151655332,18.545334889314283
12LHF,fresh,Hybrid,2,189.6887944687224,19.886935241242607
12LHF,fresh,Hybrid,3,186.67943024527918,16.791116588831787
12LHF,fresh,Hybrid,4,157.02381522999656,14.097460547773736
12LHF,fresh,Hybrid,5,129.43752032301617,14.765884074463042
12LHF,fresh,Hybrid,6,161.34167233150623,17.204821971684705
12LHF,fresh,Hybrid,7,172.31982411009074,15.205913877732309
12LHF,fresh,Hybrid,8,151.47328815556273,12.140312534547562
13LHF,fresh,Hybrid,1,175.32676349434684,21.43006931499103
13LHF,fresh,Hybrid,2,239.83049592173413,18.080700962229656
13LHF,fresh,Hybrid,3,NA,NA
13LHF,fresh,Hybrid,4,166.6649895220835,16.16924800965509
13LHF,fresh,Hybrid,5,120.9828738228081,19.237015942418864
13LHF,fresh,Hybrid,6,195.57879090475905,16.41564847552664
13LHF,fresh,Hybrid,7,230.7044499771842,17.034625230184666
13LHF,fresh,Hybrid,8,187.0353380113847,15.190111346275563
14LHF,fresh,Hybrid,1,102.28977423089422,16.44969859059409
14LHF,fresh,Hybrid,2,147.78763306079887,17.3448304259201
14LHF,fresh,Hybrid,3,143.85057954622334,15.713856864949358
14LHF,fresh,Hybrid,4,161.7852932299023,10.17421475156086
14LHF,fresh,Hybrid,5,112.04826163023333,13.549182587709259
14LHF,fresh,Hybrid,6,137.7653924176387,14.59848744420882
14LHF,fresh,Hybrid,7,140.31813014900658,13.924120248505382
14LHF,fresh,Hybrid,8,147.2948512142895,10.683949078271008
15LHF,fresh,Hybrid,1,205.42842424721272,20.138675276167593
15LHF,fresh,Hybrid,2,184.65706042815646,17.03284541736446
15LHF,fresh,Hybrid,3,191.26390201721333,14.16994568662529
15LHF,fresh,Hybrid,4,160.66538146018533,12.976671335165314
15LHF,fresh,Hybrid,5,183.23945071711876,9.541791052522175
15LHF,fresh,Hybrid,6,123.85590997768597,14.728864610809248
15LHF,fresh,Hybrid,7,145.9589164355629,16.436557369999043
15LHF,fresh,Hybrid,8,174.2367184644778,13.16975746986369
16LHF,fresh,Hybrid,1,121.60183864050217,19.783859019335985
16LHF,fresh,Hybrid,2,190.7921295081806,17.107610682418525
16LHF,fresh,Hybrid,3,242.0983599355907,14.276974884267501
16LHF,fresh,Hybrid,4,214.99857937274155,10.7432500409696
16LHF,fresh,Hybrid,5,158.57666730035015,11.337538810265265
16LHF,fresh,Hybrid,6,95.16138605207101,9.849396422735825
16LHF,fresh,Hybrid,7,187.57106603909827,13.317636414652082
16LHF,fresh,Hybrid,8,190.08471351137865,12.515016859932127
17LHF,fresh,Hybrid,1,155.02014619481284,16.27272159102455
17LHF,fresh,Hybrid,2,179.3071934154465,14.296536866513348
17LHF,fresh,Hybrid,3,168.71307754446767,14.520563247477622
17LHF,fresh,Hybrid,4,148.70812107008945,13.08577154330796
17LHF,fresh,Hybrid,5,109.58117452005374,12.300748648937082
17LHF,fresh,Hybrid,6,164.37111804127568,13.555193675285711
17LHF,fresh,Hybrid,7,149.29850346561255,14.286821580326217
17LHF,fresh,Hybrid,8,115.60583003070718,10.663716413150686
18LHF,fresh,Hybrid,1,156.24575009520117,19.73631446631361
18LHF,fresh,Hybrid,2,233.1328130891553,16.6566185141575
18LHF,fresh,Hybrid,3,210.96475503262923,15.538962938908574
18LHF,fresh,Hybrid,4,171.17495200462983,13.833265470265026
18LHF,fresh,Hybrid,5,158.7463293196825,18.581931550326214
18LHF,fresh,Hybrid,6,200.94251141279477,16.0954107776285
18LHF,fresh,Hybrid,7,201.80100340359172,16.925305802766193
18LHF,fresh,Hybrid,8,194.11852758757684,11.886851131220785
19LHF,fresh,Hybrid,1,141.45755030924224,15.810199491828712
19LHF,fresh,Hybrid,2,224.98883714079702,14.214126304213163
19LHF,fresh,Hybrid,3,187.66135256806206,14.001842858101318
19LHF,fresh,Hybrid,4,158.55990599744948,14.183071461397825
19LHF,fresh,Hybrid,5,141.77618735438386,16.701118243588688
19LHF,fresh,Hybrid,6,161.59164003801558,14.913466108512562
19LHF,fresh,Hybrid,7,165.79101608310984,16.229299684712434
19LHF,fresh,Hybrid,8,140.5045006004216,12.744471338561706
20LHF,fresh,Hybrid,1,227.94508352516775,18.317825621669893
20LHF,fresh,Hybrid,2,254.11509714452168,17.981900943402657
20LHF,fresh,Hybrid,3,208.68397929279797,16.676786746287625
20LHF,fresh,Hybrid,4,187.10035667876147,13.614383151934977
20LHF,fresh,Hybrid,5,152.01235685046507,13.34916133234162
20LHF,fresh,Hybrid,6,147.60930559141337,14.735096700248748
20LHF,fresh,Hybrid,7,118.17142795820197,15.173545135690746
20LHF,fresh,Hybrid,8,132.3377081021009,11.10423890858712
21LHF,fresh,Hybrid,1,171.2370893163159,20.408743269636446
21LHF,fresh,Hybrid,2,264.0252295304292,22.567204132615046
21LHF,fresh,Hybrid,3,250.91746618717013,18.651018161540186
21LHF,fresh,Hybrid,4,195.62037706040488,15.661471054349308
21LHF,fresh,Hybrid,5,209.44598517872197,20.690975486800628
21LHF,fresh,Hybrid,6,191.72054449537848,20.892657558355992
21LHF,fresh,Hybrid,7,162.41276867560964,18.69983274507473
21LHF,fresh,Hybrid,8,177.44765952845626,13.815955026981502
22LHF,fresh,Hybrid,1,170.39135487532621,19.918605938709405
22LHF,fresh,Hybrid,2,146.4098200744309,16.537444009422778
22LHF,fresh,Hybrid,3,93.73859638679066,13.209803234123441
22LHF,fresh,Hybrid,4,107.73911798249775,10.847652271520476
22LHF,fresh,Hybrid,5,NA,NA
22LHF,fresh,Hybrid,6,NA,NA
22LHF,fresh,Hybrid,7,NA,NA
22LHF,fresh,Hybrid,8,NA,NA
23LHF,fresh,Hybrid,1,137.32463294584625,20.325109458637005
23LHF,fresh,Hybrid,2,206.64444725622204,16.043088720457966
23LHF,fresh,Hybrid,3,132.5357130452803,14.009603571288338
23LHF,fresh,Hybrid,4,111.44571218108263,12.830766745596712
23LHF,fresh,Hybrid,5,NA,NA
23LHF,fresh,Hybrid,6,NA,NA
23LHF,fresh,Hybrid,7,NA,NA
23LHF,fresh,Hybrid,8,NA,NA
24LHF,fresh,Hybrid,1,239.88388327376856,21.708742352834864
24LHF,fresh,Hybrid,2,226.62103914754198,17.187243079987024
24LHF,fresh,Hybrid,3,190.20537684565605,16.276735200984145
24LHF,fresh,Hybrid,4,152.87646155961943,13.774429494964082
24LHF,fresh,Hybrid,5,125.94837984674291,16.29009213496588
24LHF,fresh,Hybrid,6,153.09898736546845,14.765665289483003
24LHF,fresh,Hybrid,7,158.61843116900602,13.651538722806416
24LHF,fresh,Hybrid,8,149.80350008108164,9.985530278090009
25LHF,fresh,Hybrid,1,134.72208349669515,21.85419031334694
25LHF,fresh,Hybrid,2,197.16844154759028,18.438015291991693
25LHF,fresh,Hybrid,3,180.99962717768474,16.680003256081328
25LHF,fresh,Hybrid,4,174.26051899490193,13.100903021672123
25LHF,fresh,Hybrid,5,128.19977826655406,15.472799882694602
25LHF,fresh,Hybrid,6,120.87905973844072,17.427442085662726
25LHF,fresh,Hybrid,7,156.81065364759104,16.906060010512107
25LHF,fresh,Hybrid,8,154.60620551895911,13.450938279443381
26LHF,fresh,Hybrid,1,167.22068586520112,17.87586083335537
26LHF,fresh,Hybrid,2,193.59329967339644,18.436364117175945
26LHF,fresh,Hybrid,3,174.20726287049456,13.571302454555767
26LHF,fresh,Hybrid,4,175.3357634252914,13.597752253811795
26LHF,fresh,Hybrid,5,96.48929678381829,16.764715153363735
26LHF,fresh,Hybrid,6,155.54492154653974,16.66042428247703
26LHF,fresh,Hybrid,7,200.25311632927585,13.919430184912692
26LHF,fresh,Hybrid,8,173.82847270345658,11.253629223297409
27LHF,fresh,Hybrid,1,175.4736805773076,18.176810561640167
27LHF,fresh,Hybrid,2,199.75148260622223,16.233257349353792
27LHF,fresh,Hybrid,3,187.80948618207145,15.293706693546149
27LHF,fresh,Hybrid,4,161.17546104027954,14.317552768829701
27LHF,fresh,Hybrid,5,167.15153133589246,18.15042125410481
27LHF,fresh,Hybrid,6,165.34089238787377,17.31349713279636
27LHF,fresh,Hybrid,7,159.86839887551565,12.102055042402885
27LHF,fresh,Hybrid,8,123.20419958042199,9.983759799149258
28LHF,fresh,Hybrid,1,152.42068697733188,17.646019337583716
28LHF,fresh,Hybrid,2,195.13537648898316,15.395288899311543
28LHF,fresh,Hybrid,3,160.59353346665597,16.333463785006227
28LHF,fresh,Hybrid,4,145.45590022361532,12.212605450813424
28LHF,fresh,Hybrid,5,124.18829412450785,14.78622960941449
28LHF,fresh,Hybrid,6,161.3711825199631,15.674827916994158
28LHF,fresh,Hybrid,7,159.9277681041877,14.693999438078677
28LHF,fresh,Hybrid,8,142.76541487180614,12.44524675187813
29LHF,fresh,Hybrid,1,141.2107067911111,16.909269899688617
29LHF,fresh,Hybrid,2,196.5379141070955,14.609008085733908
29LHF,fresh,Hybrid,3,166.17358578551688,13.523347587124318
29LHF,fresh,Hybrid,4,168.96368475560715,14.355270588639584
29LHF,fresh,Hybrid,5,154.97752329061498,14.249334018834006
29LHF,fresh,Hybrid,6,198.2939204519077,14.221492640226606
29LHF,fresh,Hybrid,7,180.98750236470477,13.16679014673644
29LHF,fresh,Hybrid,8,166.72975834644933,11.985639439920615
30LHF,fresh,Hybrid,1,191.81285240903546,19.54830083708196
30LHF,fresh,Hybrid,2,188.27975454853927,16.879229028176034
30LHF,fresh,Hybrid,3,203.4092057821485,15.973074807269773
30LHF,fresh,Hybrid,4,169.64993186059945,13.612870883347469
30LHF,fresh,Hybrid,5,NA,NA
30LHF,fresh,Hybrid,6,158.61310679709604,14.547788142431484
30LHF,fresh,Hybrid,7,186.02138721983303,14.657534698927577
30LHF,fresh,Hybrid,8,153.6554849089908,13.092395635053075
01B9,raw,Channel,1,739.0154189224368,15.82562278526427
01B9,raw,Channel,2,484.14844096050825,11.991304918731442
01B9,raw,Channel,3,342.42284526754,13.193847731510756
01B9,raw,Channel,4,269.7758096322112,11.056030712090175
01B9,raw,Channel,5,547.3180401739037,14.812263213789857
01B9,raw,Channel,6,356.251432718813,15.058791022998955
01B9,raw,Channel,7,201.91405252721287,14.73297480502599
01B9,raw,Channel,8,182.27053398801502,13.359410833787159
05C1,raw,Channel,1,537.7597689367082,13.07677732322321
05C1,raw,Channel,2,479.4457247474039,12.58796322439683
05C1,raw,Channel,3,412.0241938029487,12.1665137651254
05C1,raw,Channel,4,411.4383422862027,9.654641702549496
05C1,raw,Channel,5,548.4415558296109,13.292228572315357
05C1,raw,Channel,6,365.89745092080614,11.920072357713064
05C1,raw,Channel,7,281.46880453338736,11.672065947476792
05C1,raw,Channel,8,246.67143709598193,10.474210764371403
14D4,raw,Channel,1,787.7354552721005,12.57002018374723
14D4,raw,Channel,2,730.8782407378256,11.417416152739756
14D4,raw,Channel,3,666.05411268911,8.414451996873728
14D4,raw,Channel,4,718.6874150864611,11.39338538732952
14D4,raw,Channel,5,718.4605011558108,10.943103420097234
14D4,raw,Channel,6,619.255177600281,12.136147850356522
14D4,raw,Channel,7,491.437241916697,10.947150521665845
14D4,raw,Channel,8,358.58967733719464,10.622926306527303
163A,raw,Channel,1,588.63030849602535,14.284786159559838
163A,raw,Channel,2,583.5400492839024,11.678378348872661
163A,raw,Channel,3,622.2887849379108,10.982380044852308
163A,raw,Channel,4,639.3586266419205,8.529190589016322
163A,raw,Channel,5,586.5118274396104,13.937705573299889
163A,raw,Channel,6,531.0169592102715,13.669046117112348
163A,raw,Channel,7,528.6029908694697,9.465958185521806
163A,raw,Channel,8,571.8921094308365,7.883900656288887
19B2,raw,Channel,1,479.6289971569707,15.541783028368194
19B2,raw,Channel,2,526.2136030027248,17.12857671852348
19B2,raw,Channel,3,421.2808318283404,14.263866789133697
19B2,raw,Channel,4,326.5661651459365,11.471299210332784
19B2,raw,Channel,5,470.8971717146596,16.973320691440264
19B2,raw,Channel,6,264.97167348103227,14.974023448891234
19B2,raw,Channel,7,139.76968455754422,14.003484527777324
19B2,raw,Channel,8,136.21629605650662,13.20694432397165
5347,raw,Channel,1,NA,NA
5347,raw,Channel,2,837.8550694580957,14.661580558913576
5347,raw,Channel,3,749.8903058952209,13.876683436511966
5347,raw,Channel,4,712.5642520357868,12.000952746504934
5347,raw,Channel,5,382.82329131881306,12.536230544669694
5347,raw,Channel,6,NA,NA
5347,raw,Channel,7,767.2542041703146,11.716063936137289
5347,raw,Channel,8,629.2973692177221,10.246949234486609
723F,raw,Channel,1,466.6248341910276,14.122610101392048
723F,raw,Channel,2,382.86087738654794,13.017489820187254
723F,raw,Channel,3,424.3942408012171,13.118816629103959
723F,raw,Channel,4,455.9356668999899,12.136100408116324
723F,raw,Channel,5,727.7381384892296,12.505952376349686
723F,raw,Channel,6,837.4482546838036,11.416173121548255
723F,raw,Channel,7,705.0340132955042,12.876870973022115
723F,raw,Channel,8,513.6335525446586,12.051690233486278
7759,raw,Channel,1,441.3054737934892,12.517284975257699
7759,raw,Channel,2,493.5813395016095,12.880251291379288
7759,raw,Channel,3,464.1469565449741,12.269764956429846
7759,raw,Channel,4,424.5609047645495,9.943705223406909
7759,raw,Channel,5,637.6212306293394,13.327884784851376
7759,raw,Channel,6,508.4820132903708,13.485978392637934
7759,raw,Channel,7,344.7301838233456,13.143878509580047
7759,raw,Channel,8,361.44962664695834,11.601541775156136
78DC,raw,Channel,1,741.0233524325779,10.957187171832068
78DC,raw,Channel,2,760.5353843216817,11.764395502403065
78DC,raw,Channel,3,793.7451677816343,9.881158618078192
78DC,raw,Channel,4,713.2007461824373,9.006871515595513
78DC,raw,Channel,5,632.9129242605522,11.87757364820696
78DC,raw,Channel,6,567.6941640990449,12.157669699298756
78DC,raw,Channel,7,470.79312696522607,10.776114284288806
78DC,raw,Channel,8,399.8815581424442,10.364856811949185
79FF,raw,Channel,1,691.3248196470466,16.034325383442226
79FF,raw,Channel,2,816.3575953318134,13.698191175875746
79FF,raw,Channel,3,702.5040939194157,12.121518859512456
79FF,raw,Channel,4,544.7412356238711,13.486862141987046
79FF,raw,Channel,5,643.1714496627134,13.743556021388914
79FF,raw,Channel,6,502.67525143042786,15.044470358460492
79FF,raw,Channel,7,423.55437862662075,12.254550788055463
79FF,raw,Channel,8,407.41021428714873,12.195050781605564
88EA,raw,Channel,1,NA,NA
88EA,raw,Channel,2,NA,NA
88EA,raw,Channel,3,736.5379032191295,11.90439313960842
88EA,raw,Channel,4,660.3402176570374,9.696730431329387
88EA,raw,Channel,5,NA,NA
88EA,raw,Channel,6,726.2381566703091,13.205378294221745
88EA,raw,Channel,7,724.3064198433274,11.348289012754183
88EA,raw,Channel,8,611.407235465427,8.002159846492058
8CFF,raw,Channel,1,537.1904940400223,14.880812025122582
8CFF,raw,Channel,2,664.884433102957,14.328710932806304
8CFF,raw,Channel,3,644.847688764076,13.534385685397838
8CFF,raw,Channel,4,978.2218700404936,12.423169102200864
8CFF,raw,Channel,5,NA,NA
8CFF,raw,Channel,6,629.6608432528285,14.984034243528233
8CFF,raw,Channel,7,501.04874218924397,16.794442444140962
8CFF,raw,Channel,8,312.2787016961765,12.788762646046292
9520,raw,Channel,1,718.5988475029571,14.994803947265703
9520,raw,Channel,2,612.1155492541375,14.007071366541254
9520,raw,Channel,3,629.9490796149861,11.883433723943275
9520,raw,Channel,4,444.9119955435282,14.843874907776135
9520,raw,Channel,5,508.60545987432903,15.298847753554428
9520,raw,Channel,6,420.81913325272694,14.172667471354229
9520,raw,Channel,7,292.2559783067864,13.307626566856298
9520,raw,Channel,8,305.783226446503,13.407437852951222
A470,raw,Channel,1,576.855174132771,17.19580096674946
A470,raw,Channel,2,652.9039524588542,13.768220290609193
A470,raw,Channel,3,603.4083042858832,13.498797762360557
A470,raw,Channel,4,608.9017369020627,10.891847974331819
A470,raw,Channel,5,614.7404685204107,17.38712624084982
A470,raw,Channel,6,463.40308832881146,16.1390228874411
A470,raw,Channel,7,547.2009898307901,10.243767027128317
A470,raw,Channel,8,539.4301476074413,9.11307361484154
A75A,raw,Channel,1,466.0621167518976,17.69459640619665
A75A,raw,Channel,2,552.0570362422751,14.917517199012433
A75A,raw,Channel,3,448.8250855845559,11.794003323269374
A75A,raw,Channel,4,468.91253813000486,10.499621197151868
A75A,raw,Channel,5,289.009495635105,15.756655920767434
A75A,raw,Channel,6,245.48015564870266,13.729242634859165
A75A,raw,Channel,7,237.8154679263346,12.356459510652696
A75A,raw,Channel,8,335.1151592065968,10.011206309532609
B2E6,raw,Channel,1,594.5974050571972,14.886668899016277
B2E6,raw,Channel,2,596.6406087794472,11.270531536231687
B2E6,raw,Channel,3,550.7111509320384,13.539665228471643
B2E6,raw,Channel,4,633.2617704927704,11.85112960786906
B2E6,raw,Channel,5,526.980612525346,13.911026132665715
B2E6,raw,Channel,6,374.3749040905719,14.688431710446142
B2E6,raw,Channel,7,344.0087843069543,12.434429180189511
B2E6,raw,Channel,8,358.0510096828151,10.608496770461498
E79F,raw,Channel,1,410.4318161482736,13.407753341857939
E79F,raw,Channel,2,372.9768096769032,12.937464568834265
E79F,raw,Channel,3,385.62094063909484,14.295329465031948
E79F,raw,Channel,4,389.46333498240983,12.155499825081705
E79F,raw,Channel,5,483.04312764314443,16.70103758979512
E79F,raw,Channel,6,403.19733097874405,13.121106348845304
E79F,raw,Channel,7,283.4135936362281,15.238653661042783
E79F,raw,Channel,8,234.08754227201402,12.484259711630404
EC52,raw,Channel,1,637.7778579396354,13.208793535840163
EC52,raw,Channel,2,554.3005267929861,12.351283029558537
EC52,raw,Channel,3,569.5731904437004,10.698729816522816
EC52,raw,Channel,4,571.0009137532862,12.176491204767053
EC52,raw,Channel,5,612.4223111886226,15.271479878121832
EC52,raw,Channel,6,582.5928356120462,10.655778472026102
EC52,raw,Channel,7,540.7878969357628,11.39056353457562
EC52,raw,Channel,8,491.5973935711947,10.1421797371239
12A1,raw,Hybrid,1,736.2638054261104,11.938264326649085
12A1,raw,Hybrid,2,705.9724749534396,12.251456086933766
12A1,raw,Hybrid,3,755.9190319713829,10.163398251364958
12A1,raw,Hybrid,4,678.5335893062141,12.018507638558402
12A1,raw,Hybrid,5,338.5740123089646,12.456105423578308
12A1,raw,Hybrid,6,461.2001439947957,10.98414481102811
12A1,raw,Hybrid,7,468.2940559236143,11.578306936326264
12A1,raw,Hybrid,8,427.6347157291067,9.018038414208794
226A,raw,Hybrid,1,597.0105751940625,12.930268160863053
226A,raw,Hybrid,2,572.3859558910964,11.364040524905672
226A,raw,Hybrid,3,624.9881284956671,10.974714909491647
226A,raw,Hybrid,4,626.8109444251954,12.218895613879232
226A,raw,Hybrid,5,813.7275617464273,12.875520860663034
226A,raw,Hybrid,6,614.3229182228245,10.628226724852503
226A,raw,Hybrid,7,361.40896892252096,13.318462021075995
226A,raw,Hybrid,8,346.37927327204375,13.316989346780872
3C99,raw,Hybrid,1,617.3293616062134,14.733693139712347
3C99,raw,Hybrid,2,563.1494890517799,14.845528695251668
3C99,raw,Hybrid,3,563.4644847266862,12.9802281600725
3C99,raw,Hybrid,4,577.536537087629,11.541454838344151
3C99,raw,Hybrid,5,NA,NA
3C99,raw,Hybrid,6,587.1021512387142,12.951577793279808
3C99,raw,Hybrid,7,478.8096447551786,14.749646964948159
3C99,raw,Hybrid,8,321.0026324778232,11.308465533991978
4B13,raw,Hybrid,1,515.3893076913575,12.69093396471047
4B13,raw,Hybrid,2,354.7622922425395,14.102269590770135
4B13,raw,Hybrid,3,258.14516751273044,14.659346136972259
4B13,raw,Hybrid,4,251.5289617002309,12.852886639881728
4B13,raw,Hybrid,5,639.8824917593261,9.461365852208258
4B13,raw,Hybrid,6,495.10565363527274,11.424714220552849
4B13,raw,Hybrid,7,365.4153041791434,9.466659720343026
4B13,raw,Hybrid,8,259.6371694156076,11.61735680457458
4B64,raw,Hybrid,1,607.4313165698051,16.096695030026158
4B64,raw,Hybrid,2,681.2665402015991,14.603068266967718
4B64,raw,Hybrid,3,532.6126695580698,13.863658141839835
4B64,raw,Hybrid,4,471.51646716367406,12.392664029540816
4B64,raw,Hybrid,5,479.23688833367623,12.702019230759543
4B64,raw,Hybrid,6,625.2085162883889,12.54789229275241
4B64,raw,Hybrid,7,530.9645584557607,12.581911268022075
4B64,raw,Hybrid,8,547.1739841745227,9.812057690276768
6C80,raw,Hybrid,1,556.3105772751168,13.974275296586443
6C80,raw,Hybrid,2,678.132493098818,11.542761634646334
6C80,raw,Hybrid,3,591.742480988499,10.134241862759469
6C80,raw,Hybrid,4,580.1701375435255,10.70059190044699
6C80,raw,Hybrid,5,525.1467677672979,14.277506345523737
6C80,raw,Hybrid,6,342.46861575571137,12.994725150966115
6C80,raw,Hybrid,7,358.4069454751824,13.746188452521714
6C80,raw,Hybrid,8,225.04381599928968,13.472268044338165
6F79,raw,Hybrid,1,554.3070529309156,10.885365350716382
6F79,raw,Hybrid,2,435.9033324851446,11.066862760267448
6F79,raw,Hybrid,3,501.3700238446289,11.602880785370534
6F79,raw,Hybrid,4,442.3135008282812,10.327938848564582
6F79,raw,Hybrid,5,351.6378395459503,11.030721516062291
6F79,raw,Hybrid,6,449.03392199828363,11.111969727352022
6F79,raw,Hybrid,7,256.5404585414873,10.921629583586892
6F79,raw,Hybrid,8,307.32536300806873,10.147456940980984
7620,raw,Hybrid,1,NA,NA
7620,raw,Hybrid,2,903.6879539491324,16.436322121437843
7620,raw,Hybrid,3,648.6330456485241,13.350401993751133
7620,raw,Hybrid,4,552.5412167494219,12.910989861774926
7620,raw,Hybrid,5,377.5690314723974,13.897879882866464
7620,raw,Hybrid,6,732.301671157343,13.2119118271481
7620,raw,Hybrid,7,570.5677495324878,13.27098796411068
7620,raw,Hybrid,8,275.07988119640896,10.392277066801572
9489,raw,Hybrid,1,694.9794568872838,14.36432334241908
9489,raw,Hybrid,2,815.791322228853,14.159523958959996
9489,raw,Hybrid,3,733.7657954961694,13.502222092551197
9489,raw,Hybrid,4,604.9644364326444,9.906936885207463
9489,raw,Hybrid,5,NA,NA
9489,raw,Hybrid,6,712.3259315025548,12.590646464933261
9489,raw,Hybrid,7,434.7808367613569,10.601096505319555
9489,raw,Hybrid,8,406.106487598213,10.76247812483611
9718,raw,Hybrid,1,505.4408330154578,12.83442784592564
9718,raw,Hybrid,2,445.6599086889931,11.101347236359079
9718,raw,Hybrid,3,377.79107602116335,12.333553919989914
9718,raw,Hybrid,4,395.85392491176077,12.85084551334042
9718,raw,Hybrid,5,467.2513747518384,12.829708930560885
9718,raw,Hybrid,6,436.8104656572746,13.059168656890394
9718,raw,Hybrid,7,366.66401085222617,12.267553006293332
9718,raw,Hybrid,8,388.8237734653686,9.3032108009078
BCB1,raw,Hybrid,1,646.79397876378,16.980766817747227
BCB1,raw,Hybrid,2,593.5974050571973,16.408749297658353
BCB1,raw,Hybrid,3,473.40102012829027,14.61819763333076
BCB1,raw,Hybrid,4,366.269440782759,13.38752893296591
BCB1,raw,Hybrid,5,544.067542520321,13.908834894278614
BCB1,raw,Hybrid,6,524.1055874923857,16.24904357248648
BCB1,raw,Hybrid,7,529.6919615596067,12.76495905600887
BCB1,raw,Hybrid,8,304.1160040438665,12.535824348713245
BD6F,raw,Hybrid,1,451.4487370806501,14.73136547764384
BD6F,raw,Hybrid,2,456.195778773575,15.417174489156412
BD6F,raw,Hybrid,3,469.1609249584808,14.485900766144155
BD6F,raw,Hybrid,4,284.780623367824,14.225721818917306
BD6F,raw,Hybrid,5,405.75215297532134,16.343524803616273
BD6F,raw,Hybrid,6,521.6449982510738,18.544401954104277
BD6F,raw,Hybrid,7,367.89651114527516,16.474438088827934
BD6F,raw,Hybrid,8,228.22293782702363,17.588451156407878
C415,raw,Hybrid,1,790.1451010647644,13.409305820251406
C415,raw,Hybrid,2,785.6977993413907,12.612645729428133
C415,raw,Hybrid,3,673.0907902734316,12.525569483561659
C415,raw,Hybrid,4,679.8373159951495,10.421778888302676
C415,raw,Hybrid,5,641.0720566969139,10.728792540016402
C415,raw,Hybrid,6,676.3473331000005,9.462312603011416
C415,raw,Hybrid,7,563.1906275491425,9.441936204388595
C415,raw,Hybrid,8,404.92225483933737,10.34613712133627
C810,raw,Hybrid,1,NA,NA
C810,raw,Hybrid,2,NA,NA
C810,raw,Hybrid,3,NA,NA
C810,raw,Hybrid,4,789.046507093191,13.400765258261751
C810,raw,Hybrid,5,NA,NA
C810,raw,Hybrid,6,NA,NA
C810,raw,Hybrid,7,NA,NA
C810,raw,Hybrid,8,NA,NA
D081,raw,Hybrid,1,843.1172628146516,17.09971550519494
D081,raw,Hybrid,2,485.32037510494285,15.343614446012463
D081,raw,Hybrid,3,514.4283244723943,13.639491823503679
D081,raw,Hybrid,4,744.2227284776727,12.2891808927437
D081,raw,Hybrid,5,390.96986504555764,12.824362084784944
D081,raw,Hybrid,6,570.7201752864023,11.82510696683132
D081,raw,Hybrid,7,501.3757805019708,12.308065115535321
D081,raw,Hybrid,8,439.22204830885863,10.338141328309561
D0E3,raw,Hybrid,1,676.7807917406454,13.939797251796106
D0E3,raw,Hybrid,2,618.1883815587133,13.178155812700707
D0E3,raw,Hybrid,3,430.13764112390555,11.958432593867828
D0E3,raw,Hybrid,4,435.95621358206625,12.571037954180577
D0E3,raw,Hybrid,5,480.61091947975365,11.787959831041311
D0E3,raw,Hybrid,6,567.979636390318,13.807745249488264
D0E3,raw,Hybrid,7,355.75071736216216,12.552897540000037
D0E3,raw,Hybrid,8,237.80584971169318,11.000178874508647
DB13,raw,Hybrid,1,700.9006874362201,18.257904179328314
DB13,raw,Hybrid,2,503.2364992923214,15.016308628363054
DB13,raw,Hybrid,3,527.961034111559,16.50303653712234
DB13,raw,Hybrid,4,463.2443260634354,14.695625684439223
DB13,raw,Hybrid,5,278.2674726039774,13.307834618481854
DB13,raw,Hybrid,6,551.4224999662991,14.824924446548142
DB13,raw,Hybrid,7,394.0200801537128,14.115938926108017
DB13,raw,Hybrid,8,286.1872022560514,12.804235142054834
F5A0,raw,Hybrid,1,711.5512464421083,14.068512484351999
F5A0,raw,Hybrid,2,578.349386692582,15.094554160496186
F5A0,raw,Hybrid,3,411.9103015824444,14.61642311831713
F5A0,raw,Hybrid,4,457.3814984553202,14.309569564493911
F5A0,raw,Hybrid,5,NA,NA
F5A0,raw,Hybrid,6,NA,NA
F5A0,raw,Hybrid,7,NA,NA
F5A0,raw,Hybrid,8,NA,NA
